status,error_message,backend,sweep_name,model_name,prompt_file,prompt_target_tokens,batch_size,concurrency,max_new_tokens,num_prompts,num_batches,num_requests,prompt_tokens,generated_tokens,total_tokens,total_time_sec,avg_batch_latency_sec,tokens_per_sec,generated_tokens_per_sec,requests_per_sec
ok,,huggingface_generate,batch_sweep,meta-llama/Llama-2-7b-chat-hf,prompts_512.jsonl,512,1,1,512,100,100,100,57645,51200,108845,1020.4630786878988,10.200662408273201,106.66235973961136,50.17329981779688,0.09799472620663453
ok,,huggingface_generate,batch_sweep,meta-llama/Llama-2-7b-chat-hf,prompts_512.jsonl,512,2,1,512,100,50,100,57645,52555,110200,555.4358555229846,11.107106157392263,198.40274786768745,94.6193866986054,0.1800387911685004
ok,,huggingface_generate,batch_sweep,meta-llama/Llama-2-7b-chat-hf,prompts_512.jsonl,512,4,1,512,100,25,100,57645,53239,110884,273.52493963204324,10.938341132178902,405.38899359292657,194.6403866192942,0.3655973752686831
ok,,huggingface_generate,batch_sweep,meta-llama/Llama-2-7b-chat-hf,prompts_512.jsonl,512,8,1,512,100,13,100,57645,53919,111564,170.5601440060418,13.115321054230803,654.1035753115219,316.12895447655114,0.5863034449387993
ok,,huggingface_generate,batch_sweep,meta-llama/Llama-2-7b-chat-hf,prompts_512.jsonl,512,16,1,512,100,7,100,57645,54663,112308,127.06923722103238,18.14434569215934,883.8331169380065,430.1827979412175,0.7869725370748357
ok,,huggingface_generate,batch_sweep,meta-llama/Llama-2-7b-chat-hf,prompts_512.jsonl,512,32,1,512,100,4,100,57645,54967,112612,109.41976142511703,27.34056555177085,1029.1742417759485,502.3498432467105,0.9139116983766814
