status,error_message,backend,sweep_name,model_name,prompt_file,prompt_target_tokens,batch_size,concurrency,max_new_tokens,num_prompts,num_batches,num_requests,prompt_tokens,generated_tokens,total_tokens,total_time_sec,avg_batch_latency_sec,tokens_per_sec,generated_tokens_per_sec,requests_per_sec
ok,,huggingface_generate,sequence_sweep,meta-llama/Llama-2-7b-chat-hf,prompts_128.jsonl,128,1,1,128,100,100,100,14613,12800,27413,259.5449621300213,2.5940540695306846,105.61946483194392,49.31708130627374,0.3852896977052636
ok,,huggingface_generate,sequence_sweep,meta-llama/Llama-2-7b-chat-hf,prompts_256.jsonl,256,1,1,256,100,100,100,29924,25600,55524,510.53925910498947,5.104108461304568,108.75559324729973,50.14305862565509,0.19587132275646518
ok,,huggingface_generate,sequence_sweep,meta-llama/Llama-2-7b-chat-hf,prompts_512.jsonl,512,1,1,512,100,100,100,57645,51200,108845,1010.9560799680185,10.107566592921502,107.66540916737283,50.645127928425644,0.09891626548520634
ok,,huggingface_generate,sequence_sweep,meta-llama/Llama-2-7b-chat-hf,prompts_1024.jsonl,1024,1,1,1024,100,100,100,112075,94849,206924,1872.003371244995,18.716771548667456,110.53612572416634,50.66710960938051,0.053418707218189455
ok,,huggingface_generate,sequence_sweep,meta-llama/Llama-2-7b-chat-hf,prompts_2048.jsonl,2048,1,1,2048,100,100,100,221474,184330,405804,3640.4186813740525,36.39811965119326,111.47179363633853,50.63428581528591,0.02746936788112944
