status,error_message,backend,sweep_name,model_name,prompt_file,prompt_target_tokens,batch_size_requested,concurrency,max_new_tokens,num_prompts,num_http_requests,num_requests,prompt_tokens,generated_tokens,total_tokens,total_time_sec,avg_http_latency_sec,tokens_per_sec,generated_tokens_per_sec,requests_per_sec,http_requests_per_sec
ok,,vllm_openai_server,batch_sweep,meta-llama/Llama-2-7b-chat-hf,prompts_512.jsonl,512,1,1,512,100,100,100,57545,51300,108845,507.11798324098345,5.071106831502402,214.6344708668646,101.15989117984432,0.19719277033108054,0.19719277033108054
ok,,vllm_openai_server,batch_sweep,meta-llama/Llama-2-7b-chat-hf,prompts_512.jsonl,512,2,1,512,100,50,100,57545,51300,108845,263.44151053996757,5.26873926490196,413.1657147611396,194.73013153793434,0.37959089968408255,0.18979544984204128
ok,,vllm_openai_server,batch_sweep,meta-llama/Llama-2-7b-chat-hf,prompts_512.jsonl,512,4,1,512,100,25,100,57545,51300,108845,141.0160820930032,5.640537257837131,771.8623180029518,363.7882944880466,0.7091389756102272,0.1772847439025568
ok,,vllm_openai_server,batch_sweep,meta-llama/Llama-2-7b-chat-hf,prompts_512.jsonl,512,8,1,512,100,13,100,57545,51300,108845,83.66002656001365,6.435267900233157,1301.0395104515042,613.1960759443444,1.1953139881956032,0.1553908184654284
ok,,vllm_openai_server,batch_sweep,meta-llama/Llama-2-7b-chat-hf,prompts_512.jsonl,512,16,1,512,100,7,100,57545,51300,108845,53.36221747798845,7.622960747992953,2039.739072779309,961.3543519093992,1.8739850914413239,0.13117895640089267
ok,,vllm_openai_server,batch_sweep,meta-llama/Llama-2-7b-chat-hf,prompts_512.jsonl,512,32,1,512,100,4,100,57545,51300,108845,37.73697730700951,9.433888274754281,2884.3062631776397,1359.4093555148415,2.6499207709840964,0.10599683083936387
