status,error_message,backend,sweep_name,model_name,prompt_file,prompt_target_tokens,batch_size_requested,concurrency,max_new_tokens,num_prompts,num_http_requests,num_requests,prompt_tokens,generated_tokens,total_tokens,total_time_sec,avg_http_latency_sec,tokens_per_sec,generated_tokens_per_sec,requests_per_sec,http_requests_per_sec
ok,,vllm_openai_server,concurrency_sweep,meta-llama/Llama-2-7b-chat-hf,prompts_512.jsonl,512,1,1,512,100,100,100,57545,51300,108845,514.4209986161441,5.144154355535283,211.58739688466542,99.72376737731027,0.19439330872770033,0.19439330872770033
ok,,vllm_openai_server,concurrency_sweep,meta-llama/Llama-2-7b-chat-hf,prompts_512.jsonl,512,1,2,512,100,100,100,57545,51300,108845,267.2533335471526,5.34494178715162,407.2727496242663,191.95270389751354,0.37417681071640063,0.37417681071640063
ok,,vllm_openai_server,concurrency_sweep,meta-llama/Llama-2-7b-chat-hf,prompts_512.jsonl,512,1,4,512,100,100,100,57545,51300,108845,143.4999016514048,5.739780378267169,758.5022620044036,357.4915342075971,0.6968645890986298,0.6968645890986298
ok,,vllm_openai_server,concurrency_sweep,meta-llama/Llama-2-7b-chat-hf,prompts_512.jsonl,512,1,8,512,100,100,100,57545,51300,108845,85.10997712146491,6.579244196824729,1278.8747416141541,602.7495451771427,1.1749503804622665,1.1749503804622665
ok,,vllm_openai_server,concurrency_sweep,meta-llama/Llama-2-7b-chat-hf,prompts_512.jsonl,512,1,16,512,100,100,100,57545,51300,108845,53.713548951782286,7.905925818802789,2026.3974755737747,955.0662914872952,1.8617276637179243,1.8617276637179243
ok,,vllm_openai_server,concurrency_sweep,meta-llama/Llama-2-7b-chat-hf,prompts_512.jsonl,512,1,32,512,100,100,100,57545,51300,108845,38.225331297144294,10.620389228835702,2847.4573353961096,1342.0419983078727,2.616066273504625,2.616066273504625
